{"cameraMode":{"drawMode":0,"name":"Shaded","section":"Shading Mode"},"sceneLighting":false,"audioPlay":false,"sceneViewState":{"showFog":true,"showMaterialUpdate":false,"showSkybox":true,"showFlares":true,"showImageEffects":true,"showParticleSystems":true},"in2DMode":false,"pivot":{"x":-0.1131744384765625,"y":-1.4601926803588868,"z":1.1120662689208985},"rotation":{"x":-0.12483449280261994,"y":0.8736599087715149,"z":-0.3039530813694,"w":-0.35881516337394717},"size":18.580293655395509,"orthographic":false}