{"cameraMode":{"drawMode":0,"name":"Shaded","section":"Shading Mode"},"sceneLighting":true,"audioPlay":false,"sceneViewState":{"showFog":true,"showMaterialUpdate":false,"showSkybox":true,"showFlares":true,"showImageEffects":true,"showParticleSystems":true},"in2DMode":false,"pivot":{"x":1.30391526222229,"y":-5.4943132400512699,"z":12.989720344543457},"rotation":{"x":0.24950669705867768,"y":0.03194451332092285,"z":-0.008237767033278942,"w":0.9678158760070801},"size":17.790555953979493,"orthographic":false}